DTW;RMSE;RdR_SCORE;MODEL_NAME
21714.188225205507;6171.31465213684;0.5605090263462454;BiLSTM
59099.43004418195;12063.62064146297;0.0;RandomWalk
26367.086542858895;6225.040180998562;0.5189172666818717;Seq2Seq
26888.10639004012;5737.170746651173;0.5347299615075597;CNN-BiLSTM
23810.793501145352;6149.261240430381;0.543685124128267;TCN-BiLSTM
27307.851842814543;6783.767015246684;0.48780058250891906;MDN-BiLSTM
26826.087085777446;7076.1845520051465;0.4797566575839945;Attention-BiLSTM
21789.563346282746;5705.319927005863;0.5791853780138607;Seq2SeqAttention-BiLSTM
27864.92148744708;6900.955338351918;0.47823050006796025;MultiHeadAttention-BiLSTM
22742.359772102944;4896.95378982921;0.6046287088106762;Time2Vec-BiLSTM
28306.854854581656;6829.548757404002;0.47745118635996475;Time2Vec-Transformer
22070.892965671483;5153.435620622934;0.5996791482090753;AverageEnsemble
