DTW;RMSE;RdR_SCORE;MODEL_NAME
22472.98865160976;6076.338514207978;0.5580258021015022;BiLSTM
59099.43004418195;12063.62064146297;0.0;RandomWalk
28074.442238010593;6580.900107580499;0.4897231934680348;Seq2Seq
21898.35873758754;5162.99143076142;0.6007427837648966;CNN-BiLSTM
22670.53727646385;6494.369497829669;0.5390283783000442;TCN-BiLSTM
33511.170074292495;8160.845375207801;0.37824286886207104;MDN-BiLSTM
26522.45455563099;7839.630085423912;0.45068301445536985;Attention-BiLSTM
22536.02907651197;5449.707610293468;0.5834643851483186;Seq2SeqAttention-BiLSTM
27662.557898879026;6668.347899778692;0.4895834239229385;MultiHeadAttention-BiLSTM
20016.144648638263;4461.625242066716;0.6457363873855972;Time2Vec-BiLSTM
20507.843629810257;5635.708397488044;0.5929143189725641;Time2Vec-Transformer
21458.177473662512;4863.124262900439;0.6168954299599915;AverageEnsemble
