DTW;RMSE;RdR_SCORE;MODEL_NAME
21538.730863091103;6013.876150956246;0.5685187935210614;BiLSTM
59099.43004418195;12063.62064146297;0.0;RandomWalk
28106.174709335926;6829.657164547614;0.47914451115788126;Seq2Seq
24977.373570773052;5257.876906845764;0.5707606263113343;CNN-BiLSTM
28238.622983609133;7878.007586518881;0.4345730535206691;TCN-BiLSTM
29878.89520040209;7411.277460486498;0.4400403574815734;MDN-BiLSTM
22975.823251307324;6156.307451550369;0.5504571945654254;Attention-BiLSTM
17787.313923267197;4304.365007932427;0.6711109585451509;Seq2SeqAttention-BiLSTM
24909.880069688854;6481.0738141929905;0.5206338903141454;MultiHeadAttention-BiLSTM
20780.245908615372;4677.78333937561;0.6303127585708224;Time2Vec-BiLSTM
25217.10031601998;6735.482732788746;0.5074902413964196;Time2Vec-Transformer
21509.208822268836;5078.503631870459;0.6075368755883358;AverageEnsemble
