DTW;RMSE;RdR_SCORE;MODEL_NAME
25493.569287065442;6029.011531439167;0.5344322859231507;BiLSTM
59099.43004418195;12063.62064146297;0.0;RandomWalk
35001.965573205336;7659.137813124697;0.38642450068798573;Seq2Seq
24465.142098012133;5593.866934701306;0.5611685136614267;CNN-BiLSTM
27012.63121658066;6356.403562366234;0.5080111447173035;TCN-BiLSTM
29898.812854465214;6536.116286493511;0.4761445887804402;MDN-BiLSTM
21712.59634235752;6442.577249433286;0.5492794932059388;Attention-BiLSTM
21021.46996570833;4895.63689150728;0.6192425660252634;Seq2SeqAttention-BiLSTM
26368.29545076151;6178.956597436131;0.5208170618442213;MultiHeadAttention-BiLSTM
20292.736260845526;4353.199597766628;0.6478902439857189;Time2Vec-BiLSTM
22601.04335664855;6676.749855303992;0.5320572136931634;Time2Vec-Transformer
22936.670376647045;5114.806041013306;0.5939554729348284;AverageEnsemble
