DTW;RMSE;RdR_SCORE;MODEL_NAME
24178.248479611993;6542.200308035499;0.5242902212668699;BiLSTM
59099.43004418195;12063.62064146297;0.0;RandomWalk
23794.151920153112;6075.201906383748;0.5468954489902641;Seq2Seq
22637.75819592564;4854.71258478102;0.6072644395860922;CNN-BiLSTM
32033.681651201616;8558.550072159578;0.37425925406039484;TCN-BiLSTM
32242.951012329853;7213.052715753335;0.4282554988720486;MDN-BiLSTM
29481.004770650416;7114.184005231421;0.4557202478879342;Attention-BiLSTM
19071.633039318593;5009.0297571884985;0.6310390216134603;Seq2SeqAttention-BiLSTM
22588.037711037603;6224.656504651497;0.5509051255457227;MultiHeadAttention-BiLSTM
20786.51036343535;4519.644652881543;0.6368141218294391;Time2Vec-BiLSTM
27474.465614344062;6923.802548671261;0.4805869344552116;Time2Vec-Transformer
22140.614384783108;5059.588494192537;0.6029789577652644;AverageEnsemble
