DTW;RMSE;RdR_SCORE;MODEL_NAME
21881.455634702976;5847.808769265879;0.5725022153929726;BiLSTM
59099.43004418195;12063.62064146297;0.0;RandomWalk
28628.075458588257;6343.323732977394;0.4948860906770431;Seq2Seq
22638.1417679982;5698.178705477241;0.5723021159981644;CNN-BiLSTM
25941.68312416045;6814.673754561591;0.49807781560470765;TCN-BiLSTM
34580.575881614175;7995.2377043165325;0.3760592841406957;MDN-BiLSTM
19635.104042333132;4200.807250925101;0.6597702164185884;Attention-BiLSTM
16528.58449419081;5585.871272241909;0.6286457142386648;Seq2SeqAttention-BiLSTM
23006.08779205071;5831.811970509714;0.563650487316878;MultiHeadAttention-BiLSTM
20799.09565929426;4675.671602172015;0.6302408086938676;Time2Vec-BiLSTM
22332.104611686398;6215.933095059655;0.5534319595927055;Time2Vec-Transformer
20474.255415383457;4655.397196494062;0.6338293724168345;AverageEnsemble
