DTW;RMSE;RdR_SCORE;MODEL_NAME
22115.321316092068;5921.369835610649;0.5674747571255725;BiLSTM
59099.43004418195;12063.62064146297;0.0;RandomWalk
29251.79975081954;6869.2954022402055;0.4678092753207336;Seq2Seq
26016.149480778102;5535.808057818197;0.5504528592548299;CNN-BiLSTM
27825.823878424762;7631.6494711391;0.44827625215830263;TCN-BiLSTM
30733.792654864752;7124.281882797616;0.4447027374120689;MDN-BiLSTM
29256.474692803724;8491.371318312511;0.4005396622896988;Attention-BiLSTM
20524.976377053958;5450.0969378676355;0.6004623950289298;Seq2SeqAttention-BiLSTM
24180.83242765441;6071.950700496427;0.5437587612398171;MultiHeadAttention-BiLSTM
19777.64981436797;4578.809385074198;0.6428972070575792;Time2Vec-BiLSTM
24368.71050514562;6695.272613776306;0.5163344752430656;Time2Vec-Transformer
22915.476752432445;5093.1941938762775;0.5950305223886819;AverageEnsemble
